start,center,window,cg,ic
0,14.5,CGGACTGATCTATCTAAAAAAAAAAAAAAA,23.333333333333332,41.55555555555556
1,15.5,GGACTGATCTATCTAAAAAAAAAAAAAAAA,20.0,44.888888888888886
2,16.5,GACTGATCTATCTAAAAAAAAAAAAAAAAA,16.666666666666668,48.666666666666664
3,17.5,ACTGATCTATCTAAAAAAAAAAAAAAAAAA,13.333333333333334,52.888888888888886
4,18.5,CTGATCTATCTAAAAAAAAAAAAAAAAAAA,13.333333333333334,52.888888888888886
5,19.5,TGATCTATCTAAAAAAAAAAAAAAAAAAAA,10.0,57.1111111111111
6,20.5,GATCTATCTAAAAAAAAAAAAAAAAAAAAA,10.0,61.111111111111114
7,21.5,ATCTATCTAAAAAAAAAAAAAAAAAAAAAA,6.666666666666667,66.22222222222224
8,22.5,TCTATCTAAAAAAAAAAAAAAAAAAAAAAA,6.666666666666667,66.22222222222224
9,23.5,CTATCTAAAAAAAAAAAAAAAAAAAAAAAA,6.666666666666667,70.8888888888889
10,24.5,TATCTAAAAAAAAAAAAAAAAAAAAAAAAA,3.3333333333333335,76.22222222222223
11,25.5,ATCTAAAAAAAAAAAAAAAAAAAAAAAAAA,3.3333333333333335,81.55555555555556
12,26.5,TCTAAAAAAAAAAAAAAAAAAAAAAAAAAA,3.3333333333333335,81.55555555555556
13,27.5,CTAAAAAAAAAAAAAAAAAAAAAAAAAAAC,6.666666666666667,81.55555555555556
14,28.5,TAAAAAAAAAAAAAAAAAAAAAAAAAAACG,6.666666666666667,81.33333333333333
15,29.5,AAAAAAAAAAAAAAAAAAAAAAAAAAACGT,6.666666666666667,81.33333333333333
16,30.5,AAAAAAAAAAAAAAAAAAAAAAAAAACGTA,6.666666666666667,81.33333333333333
17,31.5,AAAAAAAAAAAAAAAAAAAAAAAAACGTAG,10.0,75.77777777777779
18,32.5,AAAAAAAAAAAAAAAAAAAAAAAACGTAGC,13.333333333333334,70.44444444444446
19,33.5,AAAAAAAAAAAAAAAAAAAAAAACGTAGCA,13.333333333333334,70.44444444444446
20,34.5,AAAAAAAAAAAAAAAAAAAAAACGTAGCAT,13.333333333333334,65.33333333333334
21,35.5,AAAAAAAAAAAAAAAAAAAAACGTAGCATC,16.666666666666668,60.66666666666667
22,36.5,AAAAAAAAAAAAAAAAAAAACGTAGCATCT,16.666666666666668,56.222222222222214
23,37.5,AAAAAAAAAAAAAAAAAAACGTAGCATCTA,16.666666666666668,56.222222222222214
24,38.5,AAAAAAAAAAAAAAAAAACGTAGCATCTAT,16.666666666666668,52.222222222222214
25,39.5,AAAAAAAAAAAAAAAAACGTAGCATCTATC,20.0,48.44444444444444
26,40.5,AAAAAAAAAAAAAAAACGTAGCATCTATCG,23.333333333333332,44.666666666666664
27,41.5,AAAAAAAAAAAAAAACGTAGCATCTATCGA,23.333333333333332,44.666666666666664
28,42.5,AAAAAAAAAAAAAACGTAGCATCTATCGAT,23.333333333333332,41.55555555555556
29,43.5,AAAAAAAAAAAAACGTAGCATCTATCGATC,26.666666666666668,38.66666666666666
30,44.5,AAAAAAAAAAAACGTAGCATCTATCGATCT,26.666666666666668,36.22222222222222
31,45.5,AAAAAAAAAAACGTAGCATCTATCGATCTA,26.666666666666668,36.22222222222222
32,46.5,AAAAAAAAAACGTAGCATCTATCGATCTAT,26.666666666666668,34.22222222222222
33,47.5,AAAAAAAAACGTAGCATCTATCGATCTATC,30.0,32.22222222222222
34,48.5,AAAAAAAACGTAGCATCTATCGATCTATCT,30.0,30.888888888888893
35,49.5,AAAAAAACGTAGCATCTATCGATCTATCTA,30.0,30.888888888888893
36,50.5,AAAAAACGTAGCATCTATCGATCTATCTAG,33.333333333333336,28.888888888888893
37,51.5,AAAAACGTAGCATCTATCGATCTATCTAGC,36.666666666666664,27.777777777777775
38,52.5,AAAACGTAGCATCTATCGATCTATCTAGCG,40.0,26.444444444444443
39,53.5,AAACGTAGCATCTATCGATCTATCTAGCGA,40.0,26.444444444444443
40,54.5,AACGTAGCATCTATCGATCTATCTAGCGAT,40.0,26.222222222222225
41,55.5,ACGTAGCATCTATCGATCTATCTAGCGATC,43.333333333333336,26.0
42,56.5,CGTAGCATCTATCGATCTATCTAGCGATCT,43.333333333333336,26.444444444444443
43,57.5,GTAGCATCTATCGATCTATCTAGCGATCTA,40.0,26.444444444444443
44,58.5,TAGCATCTATCGATCTATCTAGCGATCTAT,36.666666666666664,27.777777777777775
45,59.5,AGCATCTATCGATCTATCTAGCGATCTATC,40.0,27.111111111111107
46,60.5,GCATCTATCGATCTATCTAGCGATCTATCT,40.0,27.777777777777775
47,61.5,CATCTATCGATCTATCTAGCGATCTATCTA,36.666666666666664,28.666666666666664
48,62.5,ATCTATCGATCTATCTAGCGATCTATCTAC,36.666666666666664,28.666666666666664
49,63.5,TCTATCGATCTATCTAGCGATCTATCTACT,36.666666666666664,29.555555555555557
50,64.5,CTATCGATCTATCTAGCGATCTATCTACTA,36.666666666666664,28.666666666666664
51,65.5,TATCGATCTATCTAGCGATCTATCTACTAC,36.666666666666664,28.666666666666664
52,66.5,ATCGATCTATCTAGCGATCTATCTACTACG,40.0,27.111111111111107
